Date,Player,Club Name,Brand/Model,Club Type,Club Speed,Attack Angle,Club Path,Club Face,Face to Path,Ball Speed,Smash Factor,Launch Angle,Launch Direction,Backspin,Sidespin,Spin Rate,Spin Rate Type,Spin Axis,Apex Height,Carry Distance,Carry Deviation Angle,Carry Deviation Distance,Total Distance,Total Deviation Angle,Total Deviation Distance,Target Total Distance,Target Carry Distance,Note,Tag,Air Density,Temperature,Air Pressure,Relative Humidity,Back Stroke Length,Target Backswing Time,Target Downswing Time,Forward Stroke Length,Backswing Time,Downswing Time,Target Tempo,Swing Tempo
,,,,,[mph],[deg],[deg],[deg],[deg],[mph],,[deg],[deg],[rpm],[rpm],[rpm],,[deg],[yds],[Yards],[deg],[Yards],[Yards],[deg],[Yards],[Yards],[Yards],,,[g/L],[deg F],[kPa],[%],[Inches],[sec],[sec],[Inches],[sec],[sec],,
29/03/2026 18:27:23,Henry,,,7 Iron,75.7650322118826,-3.26,-14.45,-2.14,12.309999999999999,96.12115520021278,1.2686743791173052,17.75,-3.559999942779541,4974.71044921875,-1127.4876708984375,5100.8798828125,Estimated,12.770000457763672,18.4711279414353,125.54680998661178,1.5800000429153442,3.466754239166607,137.79527559055117,1.9900000095367432,4.79002637187327,,,,,1.2420241,46.994,100.69,81,,,,,1028.0,175.0,,5.900000095367432
29/03/2026 18:27:42,Henry,,,7 Iron,75.78740157480316,0.51,-8.68,-2.25,6.43,78.51646043781562,1.036009400062606,22.219999313354492,-2.940000057220459,5643.09814453125,-595.1051025390625,5674.39013671875,Estimated,6.019999980926514,15.25590530322084,94.40069957876665,-0.8700000047683716,-1.4326333582453423,104.25415773299945,-0.699999988079071,-1.268591389568459,,,,,1.2420241,46.994,100.69,81,,,,,1103.0,156.0,,7.099999904632568
29/03/2026 18:27:58,Henry,,,7 Iron,74.60182534001432,-3.04,-11.77,-8.47,3.299999999999999,91.13278829291964,1.2215892557261407,19.420000076293945,-8.430000305175781,5642.1962890625,-340.1495666503906,5652.43994140625,Estimated,3.450000047683716,18.66797866888038,116.8416407894692,-7.039999961853027,-14.31539824211274,127.14348440095196,-6.940000057220459,-15.354330666943381,,,,,1.2420241,46.994,100.69,81,,,,,1083.0,174.0,,6.199999809265137
29/03/2026 18:28:13,Henry,,,7 Iron,75.34001431639227,4.74,-11.5,-7.27,4.23,81.67054026828293,1.0840260784303208,14.199999809265137,-7.409999847412109,2942.949462890625,-421.98846435546875,2973.050048828125,Estimated,8.15999984741211,7.775590697194231,90.9011403615289,-5.539999961853027,-8.781714493625538,124.43131974988722,-5.03000020980835,-10.914260216793885,,,,,1.2420241,46.994,100.69,81,,,,,1098.0,156.0,,7.0
29/03/2026 18:28:33,Henry,,,7 Iron,74.42287043664997,0.49,-11.75,-0.77,10.98,91.75912772405975,1.2329426046818055,19.059999465942383,-2.0999999046325684,4323.65234375,-981.51611328125,4433.66015625,Estimated,12.789999961853027,17.48687639011173,119.44444577942161,2.5799999237060547,5.380577511257596,132.9833754091438,3.0199999809265137,6.999125213656422,,,,,1.2420241,46.994,100.69,81,,,,,1098.0,165.0,,6.699999809265137
29/03/2026 18:29:02,Henry,,,7 Iron,78.5612025769506,-2.07,-11.11,1.37,12.48,95.40533626941416,1.2144077883222923,25.770000457763672,-0.25999999046325684,7761.904296875,-1165.5648193359375,7848.93017578125,Estimated,8.539999961853027,29.122921216936355,118.23053435077817,3.950000047683716,8.14741886402574,122.06911936415358,4.050000190734863,8.617672916055247,,,,,1.2420241,46.994,100.69,81,,,,,1051.0,178.0,,5.900000095367432
29/03/2026 18:29:17,Henry,,,7 Iron,78.22566213314245,2.42,-13.25,-4.4,8.85,90.79724443581757,1.160709183659934,23.31999969482422,-5.269999980926514,5444.54736328125,-853.5668334960938,5511.0498046875,Estimated,8.90999984741211,22.703412323799032,117.3118948414987,-1.5700000524520874,-3.226159282243784,126.37795008595117,-1.350000023841858,-2.9855643253209605,,,,,1.2420241,46.994,100.69,81,,,,,1072.0,171.0,,6.300000190734863
29/03/2026 18:29:31,Henry,,,7 Iron,78.15855404438081,3.18,-13.03,-4.14,8.89,70.86614241494225,0.9066972039260385,22.860000610351562,-5.03000020980835,5263.58544921875,-855.34326171875,5332.6298828125,Estimated,9.229999542236328,12.237532349500547,80.43526143018134,-2.3399999141693115,-3.2917760175669915,90.35433371236006,-2.069999933242798,-3.2589676499053875,,,,,1.2420241,46.994,100.69,81,,,,,1068.0,157.0,,6.800000190734863
29/03/2026 18:29:45,Henry,,,7 Iron,80.17179670722979,5.62,-10.39,-0.69,9.700000000000001,90.52881447007678,1.1291853019169398,18.559999465942383,-1.8600000143051147,3340.693115234375,-934.6240234375,3468.969970703125,Estimated,15.630000114440918,15.419947923742045,117.83683289588801,3.119999885559082,6.419509936088235,134.995628216761,3.7200000286102295,8.75984276999326,,,,,1.2420241,46.994,100.69,81,,,,,1105.0,168.0,,6.599999904632568
29/03/2026 18:30:00,Henry,,,7 Iron,75.85450966356477,2.3,-11.72,-11.51,0.21000000000000085,106.1873685144576,1.3998820766942828,18.989999771118164,-10.930000305175781,4876.78125,-82.57029724121094,4877.47998046875,Estimated,0.9700000286102295,25.929570302354175,146.70821729711764,-10.479999542236328,-26.684164062259704,157.89589335390693,-10.4399995803833,-28.619860100933888,,,,,1.2420241,46.994,100.69,81,,,,,1098.0,155.0,,7.099999904632568
29/03/2026 18:30:15,Henry,,,7 Iron,75.38475304223337,3.1,-15.48,-12.17,3.3100000000000005,105.58339469161474,1.4005934944492417,18.40999984741211,-11.930000305175781,4708.66650390625,-365.6190185546875,4722.83984375,Estimated,4.440000057220459,24.518810232167482,145.89895413616512,-9.9399995803833,-25.18591501164207,157.6334201549086,-9.8100004196167,-26.848205639829995,,,,,1.2420241,46.994,100.69,81,,,,,1029.0,150.0,,6.900000095367432
29/03/2026 18:30:32,Henry,,,7 Iron,77.8453829634932,2.64,-12.08,-8.91,3.17,108.46904455634126,1.3933908528295058,19.09000015258789,-8.829999923706055,4972.638671875,-345.9765625,4984.66015625,Estimated,3.9800000190734863,27.482501269429793,150.28433745510205,-6.940000057220459,-18.153981169586316,160.89238311153488,-6.829999923706055,-19.138232720909887,,,,,1.2420241,46.994,100.69,81,,,,,1070.0,159.0,,6.699999809265137
29/03/2026 18:31:06,Henry,,,3 Wood,81.49158911954187,2.1,-6.62,-13.88,-7.260000000000001,109.83356852657725,1.347790240848781,6.71999979019165,-12.229999542236328,2365.471435546875,624.5428466796875,2446.530029296875,Estimated,-14.789999961853027,5.304024392642791,119.73971769878558,-15.510000228881836,-32.02099812625274,174.91251360608732,-16.559999465942383,-49.85783043808824,,,,,1.2420241,46.994,100.69,81,,,,,1027.0,152.0,,6.800000190734863
29/03/2026 18:31:17,Henry,,,3 Wood,83.46009305654975,4.1,-9.89,3.35,13.24,117.79706479825543,1.4114178463525089,11.4399995803833,1.5099999904632568,2752.866943359375,-1301.8619384765625,3045.179931640625,Estimated,25.309999465942383,14.599737949988764,160.4330675286988,10.130000114440918,28.20428796536236,188.2873995723374,11.40999984741211,37.248470443231646,,,,,1.2420241,46.994,100.69,81,,,,,1033.0,152.0,,6.800000190734863
29/03/2026 18:31:27,Henry,,,3 Wood,82.3639942734431,-1.04,-4.76,-1.35,3.4099999999999997,109.22960323696915,1.3261814728694918,20.520000457763672,-1.7000000476837158,6321.8857421875,-343.4876708984375,6331.2099609375,Estimated,3.109999895095825,31.025810191637575,145.87707719777825,-0.07000000029802322,-0.18591426267294328,153.20428295919797,0.0,0.04374453095574183,,,,,1.2420241,46.994,100.69,81,,,,,984.0,157.0,,6.300000190734863
29/03/2026 18:31:38,Henry,,,3 Wood,82.76664280601288,9.33,-11.15,24.25,35.4,64.58035262892224,0.780270292952254,48.27000045776367,18.530000686645508,5007.2294921875,-2890.9248046875,5781.85009765625,Estimated,30.0,25.240594842198224,60.35651643340878,27.90999984741211,28.24803141262692,62.63123409641697,28.149999618530273,29.549431821701305,,,,,1.2420241,46.994,100.69,81,,,,,957.0,145.0,,6.599999904632568
29/03/2026 18:31:54,Henry,,,3 Wood,77.62168933428777,-1.29,-8.09,2.89,10.98,110.75071206499017,1.426801104366951,11.460000038146973,1.3600000143051147,2839.45654296875,-1003.2738647460938,3011.489990234375,Estimated,19.459999084472656,12.860892638759664,147.17847969275448,7.619999885559082,19.510061409216853,179.44007199371686,8.739999771118164,27.25284347801175,,,,,1.2420241,46.994,100.69,81,,,,,987.0,182.0,,5.400000095367432
29/03/2026 18:32:05,Henry,,,3 Wood,72.36488904795992,-2.84,-4.66,-14.66,-10.0,111.7797092445936,1.5446677347976236,6.880000114440918,-12.630000114440918,1886.1275634765625,788.2108154296875,2044.199951171875,Estimated,-22.68000030517578,4.680665146334591,114.74190525912654,-16.729999542236328,-33.02712244415951,178.6964062734956,-18.219999313354492,-55.87270357894564,,,,,1.2420241,46.994,100.69,81,,,,,1063.0,147.0,,7.199999809265137
29/03/2026 18:32:15,Henry,,,3 Wood,79.59019327129563,1.12,-7.06,-6.38,0.6799999999999997,116.07462282938538,1.4584035803723563,11.029999732971191,-6.119999885559082,2536.574951171875,-101.87936401367188,2538.6201171875,Estimated,2.299999952316284,13.724847102728416,162.0297502866463,-5.400000095367432,-15.25590530322084,198.6767259065456,-5.260000228881836,-18.219597383434067,,,,,1.2420241,46.994,100.69,81,,,,,982.0,167.0,,5.900000095367432
29/03/2026 18:32:25,Henry,,,3 Wood,80.798138869005,2.3,-5.71,-10.68,-4.97,119.67609162491053,1.4811738648947952,13.350000381469727,-9.479999542236328,2922.965087890625,417.5611267089844,2952.639892578125,Estimated,-8.130000114440918,20.31933499967854,176.9138279445111,-12.59000015258789,-38.56080306379397,196.66448144253576,-12.869999885559082,-43.81015023325789,,,,,1.2420241,46.994,100.69,81,,,,,1008.0,153.0,,6.599999904632568
29/03/2026 18:32:35,Henry,,,3 Wood,80.30601288475305,4.4,-4.62,-12.74,-8.120000000000001,115.20221904080172,1.434540389972145,7.619999885559082,-11.039999961853027,2048.39990234375,724.1696166992188,2172.639892578125,Measured,-19.469999313354492,6.539807544918511,132.38189310122246,-15.289999961853027,-34.9081365663757,189.59973219289972,-16.59000015258789,-54.1447925651063,,,,,1.2420241,46.994,100.69,81,,,,,985.0,164.0,,6.0
29/03/2026 18:32:45,Henry,,,3 Wood,83.39298496778812,6.65,-13.56,-3.67,9.89,117.59574019064115,1.410139476792495,2.680000066757202,-4.71999979019165,1892.1263427734375,-1009.0284423828125,2144.360107421875,Estimated,28.06999969482422,1.1264216659993116,78.89326267459366,-1.3799999952316284,-1.8919510269832527,172.02537516596436,0.49000000953674316,1.4654418562758105,,,,,1.2420241,46.994,100.69,81,,,,,967.0,155.0,,6.199999809265137
29/03/2026 18:32:55,Henry,,,3 Wood,80.19416607015033,5.57,-2.84,-5.81,-2.9699999999999998,114.10611650307177,1.4228730354681507,15.420000076293945,-5.130000114440918,1532.517822265625,107.16407775878906,1536.260009765625,Measured,-4.0,16.021434403467055,165.3433972456324,-6.0,-17.290026705617564,206.05861567032514,-6.170000076293945,-22.134732908046985,,,,,1.2420241,46.994,100.69,81,,,,,991.0,156.0,,6.400000095367432
29/03/2026 18:33:06,Henry,,,3 Wood,79.94810307802435,-2.96,-2.38,-2.65,-0.27,96.54617002373861,1.2076105161559068,26.940000534057617,-2.4700000286102295,8080.013671875,9.871603012084961,8080.02001953125,Estimated,-0.07000000029802322,31.474191477083888,118.46019214219622,-2.509999990463257,-5.194663167104112,121.63167237609703,-2.509999990463257,-5.336833021042124,,,,,1.2420241,46.994,100.69,81,,,,,1042.0,143.0,,7.300000190734863
29/03/2026 18:33:50,Henry,,,3 Wood,77.97959914101646,-0.08,-14.94,-10.12,4.82,97.26198895453724,1.2472748004083858,2.0199999809265137,-10.180000305175781,2594.79443359375,-506.7273254394531,2643.81005859375,Estimated,11.050000190734863,0.48118984866121417,51.73884664620628,-9.029999732971191,-8.125546618918005,128.70735175131918,-8.430000305175781,-18.85389301303386,,,,,1.2420241,46.994,100.69,81,,,,,953.0,166.0,,5.699999809265137
29/03/2026 18:34:04,Henry,,,5 Iron,73.03596993557623,8.09,-13.19,-9.7,3.49,91.9828179399713,1.2594180377300082,3.1500000953674316,-9.619999885559082,999.9783935546875,-357.2566833496094,1061.8800048828125,Estimated,19.65999984741211,0.40463692559970643,33.98950122889988,-8.960000038146973,-5.293088530826652,122.342522688738,-8.489999771118164,-18.055555805863776,,,,,1.2420241,46.994,100.69,81,,,,,984.0,181.0,,5.400000095367432
29/03/2026 18:34:13,Henry,,,5 Iron,77.17430207587688,2.93,-11.87,-2.73,9.139999999999999,107.35057641031406,1.3910145414048347,14.8100004196167,-3.7300000190734863,3904.0390625,-859.0729370117188,3997.43994140625,Estimated,12.40999984741211,18.83202024645067,148.05337366886758,1.25,3.2370954047976515,164.2169768833217,1.7100000381469727,4.888451214120352,,,,,1.2420241,46.994,100.69,81,,,,,1062.0,163.0,,6.5
29/03/2026 18:34:22,Henry,,,5 Iron,81.17841803865426,,-12.7,-2.49,10.209999999999999,106.70186283764194,1.3144117046828176,16.81999969482422,-3.630000114440918,5082.89794921875,-1006.4408569335938,5181.580078125,Estimated,11.199999809265137,22.856517518077727,144.88188509135944,1.4900000095367432,3.76202980885877,156.35389459831924,1.809999942779541,4.943132087627421,,,,,1.2420241,46.994,100.69,81,,,,,980.0,175.0,,5.599999904632568
29/03/2026 18:34:33,Henry,,,5 Iron,76.83876163206872,-0.8,-15.29,-15.38,-0.09000000000000163,106.85844769542697,1.3906841472420282,9.949999809265137,-14.550000190734863,2689.44091796875,-77.94153594970703,2690.570068359375,Estimated,1.659999966621399,9.667541724177484,135.6189874630692,-14.079999923706055,-32.994313294284716,179.6369143775546,-13.9399995803833,-43.263343584089036,,,,,1.2420241,46.994,100.69,81,,,,,971.0,156.0,,6.199999809265137
29/03/2026 18:34:44,Henry,,,5 Iron,76.10057265569077,-3.3,-6.3,0.5,6.8,59.81567593754063,0.7860082237248137,18.079999923706055,-0.3799999952316284,5980.080078125,-615.8715209960938,6011.7099609375,Estimated,5.880000114440918,5.71959757116523,55.27121709922063,0.8600000143051147,0.8311460963071488,72.98774919484858,1.159999966621399,1.4873141013835462,,,,,1.2420241,46.994,100.69,81,,,,,1027.0,140.0,,7.300000190734863
29/03/2026 18:34:56,Henry,,,5 Iron,77.17430207587688,0.76,-6.83,2.64,9.47,69.41213467843036,0.8994203097578408,20.530000686645508,1.309999942779541,2810.6240234375,-450.18902587890625,2846.449951171875,Measured,9.100000381469727,9.131671458300225,76.46543981730677,3.2100000381469727,4.286964212919888,93.38363887756829,3.5399999618530273,5.763342061380702,,,,,1.2420241,46.994,100.69,81,,,,,984.0,149.0,,6.599999904632568
29/03/2026 18:35:12,Henry,,,5 Iron,77.3308876163207,8.39,-10.39,-9.18,1.2100000000000009,112.18235845982218,1.4506798242950218,14.479999542236328,-8.84000015258789,3422.66259765625,-163.8035430908203,3426.580078125,Estimated,2.740000009536743,20.14435703881665,161.07829536978653,-7.760000228881836,-21.741031453156825,178.83858134218818,-7.650000095367432,-23.807962005428337,,,,,1.2420241,46.994,100.69,81,,,,,922.0,177.0,,5.199999809265137
29/03/2026 18:35:30,Henry,,,5 Iron,77.66642806012885,1.92,-15.3,-2.18,13.120000000000001,101.82534103830456,1.311059921018539,16.959999084472656,-3.700000047683716,3267.345703125,-797.09716796875,3363.169921875,Measured,13.710000038146973,18.405511727587548,140.7589749714208,1.2000000476837158,2.952755957659357,158.20210374246432,1.7100000381469727,4.713473253258465,,,,,1.2420241,46.994,100.69,81,,,,,1028.0,169.0,,6.099999904632568
29/03/2026 18:35:49,Henry,,,5 Iron,83.46009305654975,2.7,-13.46,-0.46,13.0,108.9611647379936,1.3055480858877688,17.760000228881836,-2.059999942779541,5343.19384765625,-1301.542236328125,5499.43017578125,Estimated,13.6899995803833,25.535870933365842,147.91119860017497,4.53000020980835,11.668853976699415,158.1583498656906,4.880000114440918,13.462380161435586,,,,,1.2420241,46.994,100.69,81,,,,,949.0,172.0,,5.5
29/03/2026 18:36:02,Henry,,,5 Iron,83.19166070150322,3.28,-5.1,-15.51,-10.41,115.9627777214296,1.3939231017098117,11.529999732971191,-13.380000114440918,2105.257080078125,692.9876708984375,2216.3798828125,Measured,-18.219999313354492,12.642170187682305,157.5131220246029,-18.329999923706055,-49.52974728294767,196.36920117956447,-19.209999084472656,-64.6216099656473,,,,,1.2420241,46.994,100.69,81,,,,,941.0,152.0,,6.199999809265137
29/03/2026 18:36:17,Henry,,,5 Iron,78.00196850393701,3.67,-14.59,-15.64,-1.0500000000000007,109.36381395322216,1.40206479465582,10.279999732971191,-14.670000076293945,2607.675537109375,8.647411346435547,2607.68994140625,Estimated,-0.1899999976158142,10.651793275501054,142.79309637381752,-14.729999542236328,-36.297023869979206,185.7939625871046,-14.699999809265137,-47.15660425621694,,,,,1.2420241,46.994,100.69,81,,,,,976.0,159.0,,6.099999904632568
29/03/2026 18:36:46,Henry,,,5 Iron,74.10969935576236,3.37,-9.66,-8.02,1.6400000000000006,80.99946108731356,1.092967071671375,24.059999465942383,-7.789999961853027,5106.2724609375,-189.02334594726562,5109.77001953125,Estimated,2.119999885559082,18.066492189155372,100.710844638988,-7.039999961853027,-12.346894096514685,110.69553939271995,-6.980000019073486,-13.440507394852393,,,,,1.2420241,46.994,100.69,81,,,,,960.0,153.0,,6.300000190734863
29/03/2026 18:37:08,Henry,,,8 Iron,70.59770937723694,4.01,-19.8,-18.11,1.6900000000000013,100.23711831892228,1.4198352779876748,23.93000030517578,-17.350000381469727,5112.28662109375,-236.61827087402344,5117.759765625,Estimated,2.6500000953674316,29.26509211382528,134.96282115278802,-16.139999389648438,-37.51093529862265,143.75546472904875,-16.06999969482422,-39.796587259020605,,,,,1.2420241,46.994,100.69,81,,,,,906.0,189.0,,4.800000190734863
29/03/2026 18:37:19,Henry,,,8 Iron,74.89262705798139,-8.6,4.66,-7.79,-12.45,72.90175409938236,0.9734169699100327,25.309999465942383,-5.809999942779541,8419.2265625,1072.55419921875,8487.26953125,Estimated,-7.260000228881836,15.693351248326472,82.36001482785844,-8.420000076293945,-12.062554388638661,87.01880981498712,-8.550000190734863,-12.926508852607414,,,,,1.2420241,46.994,100.69,81,,,,,969.0,152.0,,6.400000095367432
29/03/2026 18:37:34,Henry,,,8 Iron,77.77827487473158,8.25,-8.56,-11.48,-2.92,98.44756245869095,1.2657462847723095,19.360000610351562,-10.5,5872.494140625,206.0982208251953,5876.10986328125,Estimated,-2.009999990463257,22.68153955721584,129.58223738382495,-11.40999984741211,-25.623359913796786,138.87795041969545,-11.449999809265137,-27.569990249860737,,,,,1.2420241,46.994,100.69,81,,,,,965.0,156.0,,6.199999809265137
29/03/2026 18:37:47,Henry,,,8 Iron,78.0467072297781,2.81,-4.22,-8.09,-3.87,72.67806388347083,0.93121242987867,22.899999618530273,-7.179999828338623,5337.06005859375,315.2102355957031,5346.35986328125,Estimated,-3.380000114440918,13.13429596334409,84.18635537722396,-8.210000038146973,-12.01880989842319,93.87576152437732,-8.289999961853027,-13.538932758574932,,,,,1.2420241,46.994,100.69,81,,,,,938.0,165.0,,5.699999809265137
29/03/2026 18:37:59,Henry,,,8 Iron,77.44273443092341,-0.61,-5.56,-7.76,-2.2,71.00035739781265,0.916811085243159,25.75,-7.070000171661377,6933.6611328125,160.97915649414062,6935.52978515625,Estimated,-1.3300000429153442,14.927821105129345,80.79614747749122,-7.510000228881836,-10.56430429507011,87.4343798646568,-7.539999961853027,-11.472003249254335,,,,,1.2420241,46.994,100.69,81,,,,,1016.9999999999999,146.0,,7.0
29/03/2026 18:38:17,Henry,,,8 Iron,79.05332856120259,0.45,-5.31,-10.67,-5.36,96.76986023965016,1.224108611248817,4.199999809265137,-9.430000305175781,2902.4990234375,445.7002258300781,2936.52001953125,Estimated,-8.729999542236328,1.9138232720909887,77.56999158483791,-10.920000076293945,-14.687226930419708,136.80008348413236,-11.640000343322754,-27.602799399735524,,,,,1.2420241,46.994,100.69,81,,,,,948.0,169.0,,5.599999904632568
29/03/2026 18:38:32,Henry,,,8 Iron,72.7675375805297,-2.51,-3.92,-17.2,-13.28,60.822298975612064,0.8358438528760411,19.209999084472656,-14.619999885559082,5699.85400390625,1064.639404296875,5798.43017578125,Estimated,-10.579999923706055,6.496063054703039,58.059930175621055,-16.920000076293945,-16.907261634018997,72.1128635623428,-17.290000915527344,-21.423884681307843,,,,,1.2420241,46.994,100.69,81,,,,,1048.0,135.0,,7.800000190734863
29/03/2026 18:38:50,Henry,,,8 Iron,78.40461703650679,-1.54,-10.39,-15.46,-5.07,101.22136721546171,1.291012838801712,5.409999847412109,-14.0,2663.76904296875,387.1775817871094,2691.760009765625,Estimated,-8.270000457763672,3.182414792028312,94.81626962843634,-15.609999656677246,-25.51399816678265,150.21872332715614,-16.149999618530273,-41.77602883086117,,,,,1.2420241,46.994,100.69,81,,,,,996.0,155.0,,6.400000095367432
29/03/2026 18:39:04,Henry,,,8 Iron,78.11381531853974,4.85,-7.9,-9.86,-1.959999999999999,79.92573269111563,1.0231958631797344,24.09000015258789,-9.079999923706055,4871.60205078125,126.71656036376953,4873.25,Estimated,-1.4900000095367432,17.45406828318785,99.09230162986829,-9.59000015258789,-16.513561222079755,109.67847869152159,-9.630000114440918,-18.339895513739798,,,,,1.2420241,46.994,100.69,81,,,,,1014.0,175.0,,5.800000190734863
29/03/2026 18:39:19,Henry,,,8 Iron,80.68629205440229,4.1,-7.34,-15.27,-7.93,83.10218666311495,1.029941822175739,24.030000686645508,-13.460000038146973,5136.9228515625,675.3765258789062,5181.1298828125,Estimated,-7.489999771118164,19.0944871877435,104.30883339175193,-16.209999084472656,-29.111986919546588,114.11854601281834,-16.399999618530273,-32.21784676779599,,,,,1.2420241,46.994,100.69,81,,,,,979.0,158.0,,6.199999809265137
29/03/2026 18:39:30,Henry,,,8 Iron,80.10468861846815,5.88,-7.59,-13.62,-6.029999999999999,99.8120949621617,1.2460206347915321,24.170000076293945,-12.130000114440918,7252.4755859375,498.2393493652344,7269.56982421875,Estimated,-3.930000066757202,30.139981918134715,127.08880039859214,-14.119999885559082,-31.00393742505438,132.11941990222414,-14.170000076293945,-32.338144898101724,,,,,1.2420241,46.994,100.69,81,,,,,931.0,178.0,,5.199999809265137
29/03/2026 18:39:47,Henry,,,8 Iron,80.55207587687903,2.42,-5.48,-3.48,2.0000000000000004,68.76342110575824,0.8536517570429927,25.079999923706055,-3.5399999618530273,6025.05615234375,-213.55819702148438,6028.83984375,Estimated,2.0299999713897705,13.210848560483438,77.38407932658625,-2.930000066757202,-3.9588800148283925,85.17060067084205,-2.880000114440918,-4.27602809036602,,,,,1.2420241,46.994,100.69,81,,,,,951.0,156.0,,6.099999904632568
29/03/2026 18:40:01,Henry,,,8 Iron,75.54133858267717,-0.52,-9.0,-8.58,0.41999999999999993,97.82122302755084,1.2949363204689466,23.049999237060547,-8.170000076293945,6078.642578125,-85.94049835205078,6079.25,Estimated,0.8100000023841858,27.08880190044146,127.94181743631839,-7.789999961853027,-17.355642919465314,135.3674527332643,-7.769999980926514,-18.307086363865007,,,,,1.2420241,46.994,100.69,81,,,,,887.0,164.0,,5.400000095367432
29/03/2026 18:40:23,Henry,,,8 Iron,78.15855404438081,4.76,-11.81,-13.42,-1.6099999999999994,100.70687289227736,1.28849457520789,23.280000686645508,-12.510000228881836,6574.2666015625,74.58589172363281,6574.68994140625,Estimated,-0.6499999761581421,29.42913369139557,130.91644694277412,-12.829999923706055,-29.057305003088604,137.16097787504955,-12.829999923706055,-30.457130775885528,,,,,1.2420241,46.994,100.69,81,,,,,909.0,156.0,,5.800000190734863
29/03/2026 18:40:35,Henry,,,8 Iron,80.41785969935577,0.74,-9.63,-10.43,-0.7999999999999989,103.79384736461817,1.2906815445307067,24.489999771118164,-9.770000457763672,6773.7724609375,15.36922836303711,6773.7900390625,Estimated,-0.12999999523162842,33.11461142459045,134.14261117903476,-9.84000015258789,-22.922133731925477,139.74190592661512,-9.84000015258789,-23.873578219276087,,,,,1.2420241,46.994,100.69,81,,,,,872.0,175.0,,5.0
