Date,Player,Club Name,Club Type,Club Speed,Attack Angle,Club Path,Club Face,Face to Path,Ball Speed,Smash Factor,Launch Angle,Launch Direction,Backspin,Sidespin,Spin Rate,Spin Axis,Apex Height,Carry Distance,Carry Deviation Angle,Carry Deviation Distance,Total Distance,Total Deviation Angle,Total Deviation Distance,Note,Tag(s)
2026-03-31 10:09:00,Will,5 Wood,5W,94.2,-1.6,-5.7,-3.5,2.2,125.4,1.33,15.2,-4.0,2801,-722,4233,-4.9,21.8,173.8,-3.9,-11.9,189.4,-3.9,-12.5,,
2026-03-31 10:10:00,Will,5 Wood,5W,89.9,-0.9,-5.0,-9.3,-4.3,99.9,1.11,13.2,-8.2,3283,-1295,3361,-13.0,21.6,114.6,-15.5,-30.9,124.9,-15.5,-32.5,,
2026-03-31 10:12:00,Will,5 Wood,5W,89.7,-1.4,-2.1,-7.5,-5.4,109.0,1.21,14.3,-6.1,3026,-745,3445,-10.5,23.5,132.9,-11.5,-26.7,144.9,-11.5,-28.0,,
2026-03-31 10:14:00,Will,5 Wood,5W,87.4,-5.0,-4.0,-5.7,-1.7,115.2,1.32,14.2,-5.3,3141,-562,2733,-8.0,25.0,145.6,-4.1,-10.5,158.7,-4.1,-11.0,,
2026-03-31 10:15:00,Will,5 Wood,5W,87.8,0.4,-6.0,-0.5,5.6,125.2,1.43,12.6,-1.8,3363,-16,3102,-0.6,32.0,194.7,1.6,5.6,212.3,1.6,5.9,,
2026-03-31 10:17:00,Will,5 Wood,5W,88.2,-1.6,-5.8,-4.4,1.4,118.6,1.34,13.1,-4.7,3257,-510,3398,-6.1,17.9,168.6,-2.8,-8.2,183.8,-2.8,-8.6,,
2026-03-31 10:19:00,Will,5 Wood,5W,86.7,0.3,-4.6,-2.6,2.0,116.0,1.34,15.5,-3.1,3066,-94,3288,-3.6,24.3,174.7,-1.9,-5.7,190.4,-1.9,-6.0,,
2026-03-31 10:20:00,Will,5 Wood,5W,88.0,-1.3,-4.9,-1.5,3.4,121.6,1.38,13.2,-2.3,3050,-168,3188,-2.1,28.2,189.5,0.0,0.1,206.5,0.0,0.1,,
2026-03-31 10:22:00,Will,5 Wood,5W,89.1,-0.6,-5.2,-1.2,4.0,126.1,1.42,14.8,-2.2,3947,-308,3984,-1.7,26.3,190.7,-0.6,-1.9,207.8,-0.6,-2.0,,
2026-03-31 10:24:00,Will,7 Iron,7I,80.2,0.0,-8.5,-4.4,4.1,93.6,1.17,15.8,-5.4,5810,-474,5767,-6.1,22.5,127.4,-6.2,-13.9,135.0,-6.2,-14.6,,
2026-03-31 10:26:00,Will,7 Iron,7I,78.4,0.3,-11.6,-0.4,11.3,95.8,1.22,19.7,-3.2,4726,-149,4786,-0.5,17.6,140.4,0.2,0.5,148.9,0.2,0.5,,
2026-03-31 10:27:00,Will,7 Iron,7I,77.9,-1.8,-9.7,-3.8,5.9,91.6,1.17,18.6,-5.2,5137,-416,5081,-5.3,29.5,125.9,-5.9,-13.1,133.5,-5.9,-13.7,,
2026-03-31 10:29:00,Will,7 Iron,7I,76.3,-0.0,-10.2,-6.9,3.3,86.8,1.14,17.5,-7.7,5080,-709,5333,-9.6,24.1,116.7,-9.2,-18.8,123.7,-9.2,-19.8,,
2026-03-31 10:31:00,Will,7 Iron,7I,84.3,-1.2,-12.0,3.3,15.3,109.6,1.30,17.9,-0.5,5839,486,4504,4.7,23.6,155.9,3.9,10.6,165.3,3.9,11.1,,
2026-03-31 10:32:00,Will,7 Iron,7I,76.0,-3.4,-10.2,-1.7,8.5,93.1,1.23,20.3,-3.8,5266,-391,5287,-2.3,19.4,134.7,-1.6,-3.7,142.8,-1.6,-3.8,,
2026-03-31 10:34:00,Will,7 Iron,7I,77.5,-3.3,-9.8,-2.7,7.1,93.9,1.21,18.8,-4.5,5347,-278,5526,-3.8,26.0,131.7,-2.5,-5.8,139.6,-2.5,-6.0,,
2026-03-31 10:36:00,Will,7 Iron,7I,78.4,-2.6,-10.6,-1.7,8.9,96.0,1.22,18.4,-3.9,4319,-317,5867,-2.4,29.0,135.6,-2.3,-5.5,143.7,-2.3,-5.7,,
2026-03-31 10:37:00,Will,7 Iron,7I,77.7,-0.5,-10.9,-3.5,7.4,92.7,1.19,20.4,-5.4,4490,-485,5398,-4.9,16.6,128.1,-3.9,-8.8,135.8,-3.9,-9.3,,
2026-03-31 10:39:00,Will,7 Iron,7I,81.0,-2.2,-9.3,-1.4,7.8,100.2,1.24,18.1,-3.4,4799,27,5294,-2.0,20.8,139.0,-1.3,-3.2,147.3,-1.3,-3.4,,
2026-03-31 10:41:00,Will,7 Iron,7I,77.9,-4.2,-8.1,-8.9,-0.9,84.1,1.08,19.3,-8.7,5627,-1101,5870,-12.5,19.0,111.3,-14.4,-28.0,118.0,-14.4,-29.4,,
2026-03-31 10:43:00,Will,7 Iron,7I,82.2,-2.4,-10.9,-1.3,9.6,100.9,1.23,17.1,-3.7,4864,-520,4469,-1.8,29.2,139.3,-2.6,-6.3,147.7,-2.6,-6.6,,
2026-03-31 10:44:00,Will,7 Iron,7I,78.5,-4.3,-11.0,-0.5,10.4,96.1,1.22,18.7,-3.1,5331,-194,5461,-0.8,30.5,141.8,-0.7,-1.7,150.3,-0.7,-1.8,,
2026-03-31 10:46:00,Will,7 Iron,7I,79.0,-1.7,-9.4,-4.7,4.7,93.2,1.18,18.5,-5.9,4624,-587,5405,-6.6,21.3,122.7,-6.7,-14.4,130.1,-6.7,-15.1,,
2026-03-31 10:48:00,Will,7 Iron,7I,79.9,-4.4,-9.4,-3.4,6.0,95.4,1.19,17.8,-4.9,5273,-557,5180,-4.8,17.9,129.4,-3.5,-7.9,137.1,-3.5,-8.3,,
2026-03-31 10:49:00,Will,8 Iron,8I,75.1,-1.1,-6.0,-0.8,5.2,94.0,1.25,19.0,-2.1,5956,-194,5608,-1.2,22.0,132.4,2.0,4.5,139.0,2.0,4.8,,
2026-03-31 10:51:00,Will,8 Iron,8I,72.1,-0.4,-7.7,0.2,7.9,91.8,1.27,18.1,-1.8,6517,69,5361,0.3,19.2,134.5,2.9,6.8,141.2,2.9,7.1,,
2026-03-31 10:53:00,Will,8 Iron,8I,75.8,-3.5,-8.3,-4.0,4.3,91.7,1.21,19.8,-5.1,5541,-345,5414,-5.7,15.9,118.6,-5.1,-10.5,124.5,-5.1,-11.1,,
2026-03-31 10:54:00,Will,8 Iron,8I,76.9,-2.3,-9.1,-0.8,8.3,98.8,1.29,20.1,-2.9,5217,-192,5136,-1.1,18.3,129.5,-1.1,-2.5,135.9,-1.1,-2.6,,
2026-03-31 10:56:00,Will,8 Iron,8I,78.0,-3.0,-7.0,-4.6,2.4,90.5,1.16,21.7,-5.2,5380,-520,5272,-6.5,29.7,117.8,-5.1,-10.5,123.7,-5.1,-11.0,,
2026-03-31 10:58:00,Will,8 Iron,8I,72.2,-4.8,-8.2,-0.5,7.8,88.4,1.22,20.8,-2.4,5786,-23,5533,-0.7,23.7,133.3,0.3,0.7,140.0,0.3,0.7,,
2026-03-31 11:00:00,Will,8 Iron,8I,74.5,-0.8,-8.0,-6.4,1.5,85.0,1.14,19.6,-6.8,5595,-569,5335,-9.0,21.5,115.2,-6.1,-12.2,120.9,-6.1,-12.8,,
2026-03-31 11:01:00,Will,8 Iron,8I,75.4,-1.4,-7.7,-0.9,6.8,90.3,1.20,22.5,-2.6,5420,-238,5559,-1.2,17.3,128.1,1.4,3.2,134.5,1.4,3.3,,
2026-03-31 11:03:00,Will,8 Iron,8I,76.3,-4.9,-5.4,-5.1,0.3,90.1,1.18,18.4,-5.2,6190,-669,5703,-7.2,15.1,120.4,-3.1,-6.4,126.4,-3.1,-6.8,,
2026-03-31 11:05:00,Will,8 Iron,8I,71.1,-0.8,-7.7,-3.1,4.6,85.1,1.20,21.0,-4.2,5824,-574,5516,-4.3,22.7,121.3,0.7,1.5,127.3,0.7,1.6,,
2026-03-31 11:06:00,Will,8 Iron,8I,77.5,-1.1,-7.8,-0.3,7.5,97.6,1.26,20.3,-2.2,5920,-26,5961,-0.5,20.6,135.3,1.6,3.9,142.1,1.6,4.1,,
2026-03-31 11:08:00,Will,8 Iron,8I,75.2,-3.6,-7.0,-7.2,-0.1,85.7,1.14,20.8,-7.1,5888,-827,5586,-10.0,18.6,101.8,-6.0,-10.7,106.9,-6.0,-11.3,,
2026-03-31 11:10:00,Will,9 Iron,9I,71.6,-5.4,-8.1,-6.8,1.3,81.6,1.14,22.4,-7.1,6248,-750,6477,-9.5,24.5,102.2,-8.4,-15.0,106.3,-8.4,-15.7,,
2026-03-31 11:11:00,Will,9 Iron,9I,75.1,-1.7,-8.0,-2.2,5.8,91.8,1.22,21.6,-3.7,6106,-331,5856,-3.1,16.9,120.2,-0.0,-0.0,125.0,-0.0,-0.0,,
2026-03-31 11:13:00,Will,9 Iron,9I,73.2,-1.8,-7.1,-3.1,4.0,87.5,1.20,24.1,-4.1,6270,-188,5909,-4.3,22.4,118.9,-2.1,-4.3,123.7,-2.1,-4.6,,
2026-03-31 11:15:00,Will,9 Iron,9I,70.6,-1.8,-6.1,-3.5,2.6,85.7,1.21,24.3,-4.2,5898,-356,5950,-4.9,25.6,116.0,-2.0,-4.0,120.6,-2.0,-4.1,,
2026-03-31 11:17:00,Will,9 Iron,9I,69.5,-1.8,-5.7,-9.4,-3.7,71.5,1.03,23.7,-8.5,6133,-1348,6611,-13.2,23.9,92.8,-13.4,-21.7,96.5,-13.4,-22.8,,
2026-03-31 11:18:00,Will,Sand Wedge,SW,43.6,-2.6,-2.7,-0.4,2.3,44.2,1.01,28.1,-1.0,6633,472,7114,-0.6,11.4,30.0,0.5,0.3,30.9,0.5,0.3,,
2026-03-31 11:20:00,Will,Sand Wedge,SW,41.3,-5.7,-2.7,-2.3,0.4,39.6,0.96,29.9,-2.4,7189,-230,7231,-3.3,15.2,17.6,-10.6,-3.3,18.1,-10.6,-3.4,,
2026-03-31 11:22:00,Will,Sand Wedge,SW,47.2,-1.2,-4.6,-0.3,4.3,50.1,1.06,29.5,-1.4,7471,-79,6961,-0.5,11.8,31.6,-0.1,-0.1,32.6,-0.1,-0.1,,
2026-03-31 11:23:00,Will,Sand Wedge,SW,46.6,-4.1,-2.9,-0.7,2.2,51.7,1.11,30.1,-1.2,6755,2,6698,-0.9,8.8,33.7,-0.9,-0.5,34.7,-0.9,-0.6,,
2026-03-31 11:25:00,Will,Sand Wedge,SW,45.1,-3.1,-4.9,-4.4,0.5,41.1,0.91,30.7,-4.5,6597,-740,6870,-6.2,5.7,8.4,-33.3,-4.9,8.7,-33.3,-5.1,,
2026-03-31 11:27:00,Will,Sand Wedge,SW,46.2,-1.9,-3.1,2.1,5.3,54.7,1.19,32.3,0.8,6772,8,7136,3.0,10.1,45.5,4.7,3.7,46.8,4.7,3.9,,
